"Sequence","Date","Title","Description","Comments"
1,2015-10-11,"Missing You","Song","An interesting mix of rythm and blues
and a harmonizing vocals..."
17,2013-1-4,"Seven Signs","book","Military adventure for fans of ""Sylvester Stallone"" and "Arnold Schwartzenegger"
23,2013-1-9,"Halo Reach","Game","A Prequel to the original and famous Halo series"
1,2015-10-11,"Missing You","Song","An interesting mix of rythm and blues
and a harmonizing vocals..."
17,2013-1-4,"Seven Signs","book","Military adventure for fans of ""Sylvester Stallone"" and "Arnold Schwartzenegger"
23,2013-1-9,"Halo Reach","Game","A Prequel to the original and famous Halo series"
1,2015-10-11,"Missing You","Song","An interesting mix of rythm and blues
and a harmonizing vocals..."
17,2013-1-4,"Seven Signs","book","Military adventure for fans of ""Sylvester Stallone"" and "Arnold Schwartzenegger"
23,2013-1-9,"Halo Reach","Game","A Prequel to the original and famous Halo series"
1,2015-10-11,"Missing You","Song","An interesting mix of rythm and blues
and a harmonizing vocals..."
17,2013-1-4,"Seven Signs","book","Military adventure for fans of ""Sylvester Stallone"" and "Arnold Schwartzenegger"
23,2013-1-9,"Halo Reach","Game","A Prequel to the original and famous Halo series"
1,2015-10-11,"Missing You","Song","An interesting mix of rythm and blues
and a harmonizing vocals..."
17,2013-1-4,"Seven Signs","book","Military adventure for fans of ""Sylvester Stallone"" and "Arnold Schwartzenegger"
23,2013-1-9,"Halo Reach","Game","A Prequel to the original and famous Halo series"
1,2015-10-11,"Missing You","Song","An interesting mix of rythm and blues
and a harmonizing vocals..."
17,2013-1-4,"Seven Signs","book","Military adventure for fans of ""Sylvester Stallone"" and "Arnold Schwartzenegger"
23,2013-1-9,"Halo Reach","Game","A Prequel to the original and famous Halo series"
1,2015-10-11,"Missing You","Song","An interesting mix of rythm and blues
and a harmonizing vocals..."
17,2013-1-4,"Seven Signs","book","Military adventure for fans of ""Sylvester Stallone"" and "Arnold Schwartzenegger"
23,2013-1-9,"Halo Reach","Game","A Prequel to the original and famous Halo series"
1,2015-10-11,"Missing You","Song","An interesting mix of rythm and blues
and a harmonizing vocals..."
17,2013-1-4,"Seven Signs","book","Military adventure for fans of ""Sylvester Stallone"" and "Arnold Schwartzenegger"
23,2013-1-9,"Halo Reach","Game","A Prequel to the original and famous Halo series"
1,2015-10-11,"Missing You","Song","An interesting mix of rythm and blues
and a harmonizing vocals..."
17,2013-1-4,"Seven Signs","book","Military adventure for fans of ""Sylvester Stallone"" and "Arnold Schwartzenegger"
23,2013-1-9,"Halo Reach","Game","A Prequel to the original and famous Halo series"
1,2015-10-11,"Missing You","Song","An interesting mix of rythm and blues
and a harmonizing vocals..."
17,2013-1-4,"Seven Signs","book","Military adventure for fans of ""Sylvester Stallone"" and "Arnold Schwartzenegger"
23,2013-1-9,"Halo Reach","Game","A Prequel to the original and famous Halo series"
1,2015-10-11,"Missing You","Song","An interesting mix of rythm and blues
and a harmonizing vocals..."
17,2013-1-4,"Seven Signs","book","Military adventure for fans of ""Sylvester Stallone"" and "Arnold Schwartzenegger"
23,2013-1-9,"Halo Reach","Game","A Prequel to the original and famous Halo series"
1,2015-10-11,"Missing You","Song","An interesting mix of rythm and blues
and a harmonizing vocals..."
17,2013-1-4,"Seven Signs","book","Military adventure for fans of ""Sylvester Stallone"" and "Arnold Schwartzenegger"
23,2013-1-9,"Halo Reach","Game","A Prequel to the original and famous Halo series"
1,2015-10-11,"Missing You","Song","An interesting mix of rythm and blues
and a harmonizing vocals..."
17,2013-1-4,"Seven Signs","book","Military adventure for fans of ""Sylvester Stallone"" and "Arnold Schwartzenegger"
23,2013-1-9,"Halo Reach","Game","A Prequel to the original and famous Halo series"
1,2015-10-11,"Missing You","Song","An interesting mix of rythm and blues
and a harmonizing vocals..."
17,2013-1-4,"Seven Signs","book","Military adventure for fans of ""Sylvester Stallone"" and "Arnold Schwartzenegger"
23,2013-1-9,"Halo Reach","Game","A Prequel to the original and famous Halo series"
1,2015-10-11,"Missing You","Song","An interesting mix of rythm and blues
and a harmonizing vocals..."
17,2013-1-4,"Seven Signs","book","Military adventure for fans of ""Sylvester Stallone"" and "Arnold Schwartzenegger"
23,2013-1-9,"Halo Reach","Game","A Prequel to the original and famous Halo series"
1,2015-10-11,"Missing You","Song","An interesting mix of rythm and blues
and a harmonizing vocals..."
17,2013-1-4,"Seven Signs","book","Military adventure for fans of ""Sylvester Stallone"" and "Arnold Schwartzenegger"
23,2013-1-9,"Halo Reach","Game","A Prequel to the original and famous Halo series"
1,2015-10-11,"Missing You","Song","An interesting mix of rythm and blues
and a harmonizing vocals..."
17,2013-1-4,"Seven Signs","book","Military adventure for fans of ""Sylvester Stallone"" and "Arnold Schwartzenegger"
23,2013-1-9,"Halo Reach","Game","A Prequel to the original and famous Halo series"
1,2015-10-11,"Missing You","Song","An interesting mix of rythm and blues
and a harmonizing vocals..."
17,2013-1-4,"Seven Signs","book","Military adventure for fans of ""Sylvester Stallone"" and "Arnold Schwartzenegger"
23,2013-1-9,"Halo Reach","Game","A Prequel to the original and famous Halo series"
1,2015-10-11,"Missing You","Song","An interesting mix of rythm and blues
and a harmonizing vocals..."
17,2013-1-4,"Seven Signs","book","Military adventure for fans of ""Sylvester Stallone"" and "Arnold Schwartzenegger"
23,2013-1-9,"Halo Reach","Game","A Prequel to the original and famous Halo series"
1,2015-10-11,"Missing You","Song","An interesting mix of rythm and blues
and a harmonizing vocals..."
17,2013-1-4,"Seven Signs","book","Military adventure for fans of ""Sylvester Stallone"" and "Arnold Schwartzenegger"
23,2013-1-9,"Halo Reach","Game","A Prequel to the original and famous Halo series"
1,2015-10-11,"Missing You","Song","An interesting mix of rythm and blues
and a harmonizing vocals..."
17,2013-1-4,"Seven Signs","book","Military adventure for fans of ""Sylvester Stallone"" and "Arnold Schwartzenegger"
23,2013-1-9,"Halo Reach","Game","A Prequel to the original and famous Halo series"
1,2015-10-11,"Missing You","Song","An interesting mix of rythm and blues
and a harmonizing vocals..."
17,2013-1-4,"Seven Signs","book","Military adventure for fans of ""Sylvester Stallone"" and "Arnold Schwartzenegger"
23,2013-1-9,"Halo Reach","Game","A Prequel to the original and famous Halo series"
1,2015-10-11,"Missing You","Song","An interesting mix of rythm and blues
and a harmonizing vocals..."
17,2013-1-4,"Seven Signs","book","Military adventure for fans of ""Sylvester Stallone"" and "Arnold Schwartzenegger"
23,2013-1-9,"Halo Reach","Game","A Prequel to the original and famous Halo series"
1,2015-10-11,"Missing You","Song","An interesting mix of rythm and blues
and a harmonizing vocals..."
17,2013-1-4,"Seven Signs","book","Military adventure for fans of ""Sylvester Stallone"" and "Arnold Schwartzenegger"
23,2013-1-9,"Halo Reach","Game","A Prequel to the original and famous Halo series"
1,2015-10-11,"Missing You","Song","An interesting mix of rythm and blues
and a harmonizing vocals..."
17,2013-1-4,"Seven Signs","book","Military adventure for fans of ""Sylvester Stallone"" and "Arnold Schwartzenegger"
23,2013-1-9,"Halo Reach","Game","A Prequel to the original and famous Halo series"
1,2015-10-11,"Missing You","Song","An interesting mix of rythm and blues
and a harmonizing vocals..."
17,2013-1-4,"Seven Signs","book","Military adventure for fans of ""Sylvester Stallone"" and "Arnold Schwartzenegger"
23,2013-1-9,"Halo Reach","Game","A Prequel to the original and famous Halo series"
1,2015-10-11,"Missing You","Song","An interesting mix of rythm and blues
and a harmonizing vocals..."
17,2013-1-4,"Seven Signs","book","Military adventure for fans of ""Sylvester Stallone"" and "Arnold Schwartzenegger"
23,2013-1-9,"Halo Reach","Game","A Prequel to the original and famous Halo series"
1,2015-10-11,"Missing You","Song","An interesting mix of rythm and blues
and a harmonizing vocals..."
17,2013-1-4,"Seven Signs","book","Military adventure for fans of ""Sylvester Stallone"" and "Arnold Schwartzenegger"
23,2013-1-9,"Halo Reach","Game","A Prequel to the original and famous Halo series"
1,2015-10-11,"Missing You","Song","An interesting mix of rythm and blues
and a harmonizing vocals..."
17,2013-1-4,"Seven Signs","book","Military adventure for fans of ""Sylvester Stallone"" and "Arnold Schwartzenegger"
23,2013-1-9,"Halo Reach","Game","A Prequel to the original and famous Halo series"
1,2015-10-11,"Missing You","Song","An interesting mix of rythm and blues
and a harmonizing vocals..."
17,2013-1-4,"Seven Signs","book","Military adventure for fans of ""Sylvester Stallone"" and "Arnold Schwartzenegger"
23,2013-1-9,"Halo Reach","Game","A Prequel to the original and famous Halo series"
1,2015-10-11,"Missing You","Song","An interesting mix of rythm and blues
and a harmonizing vocals..."
17,2013-1-4,"Seven Signs","book","Military adventure for fans of ""Sylvester Stallone"" and "Arnold Schwartzenegger"
23,2013-1-9,"Halo Reach","Game","A Prequel to the original and famous Halo series"
1,2015-10-11,"Missing You","Song","An interesting mix of rythm and blues
and a harmonizing vocals..."
17,2013-1-4,"Seven Signs","book","Military adventure for fans of ""Sylvester Stallone"" and "Arnold Schwartzenegger"
23,2013-1-9,"Halo Reach","Game","A Prequel to the original and famous Halo series"
1,2015-10-11,"Missing You","Song","An interesting mix of rythm and blues
and a harmonizing vocals..."
17,2013-1-4,"Seven Signs","book","Military adventure for fans of ""Sylvester Stallone"" and "Arnold Schwartzenegger"
23,2013-1-9,"Halo Reach","Game","A Prequel to the original and famous Halo series"
1,2015-10-11,"Missing You","Song","An interesting mix of rythm and blues
and a harmonizing vocals..."
17,2013-1-4,"Seven Signs","book","Military adventure for fans of ""Sylvester Stallone"" and "Arnold Schwartzenegger"
23,2013-1-9,"Halo Reach","Game","A Prequel to the original and famous Halo series"
1,2015-10-11,"Missing You","Song","An interesting mix of rythm and blues
and a harmonizing vocals..."
17,2013-1-4,"Seven Signs","book","Military adventure for fans of ""Sylvester Stallone"" and "Arnold Schwartzenegger"
23,2013-1-9,"Halo Reach","Game","A Prequel to the original and famous Halo series"
1,2015-10-11,"Missing You","Song","An interesting mix of rythm and blues
and a harmonizing vocals..."
17,2013-1-4,"Seven Signs","book","Military adventure for fans of ""Sylvester Stallone"" and "Arnold Schwartzenegger"
23,2013-1-9,"Halo Reach","Game","A Prequel to the original and famous Halo series"
1,2015-10-11,"Missing You","Song","An interesting mix of rythm and blues
and a harmonizing vocals..."
17,2013-1-4,"Seven Signs","book","Military adventure for fans of ""Sylvester Stallone"" and "Arnold Schwartzenegger"
23,2013-1-9,"Halo Reach","Game","A Prequel to the original and famous Halo series"
1,2015-10-11,"Missing You","Song","An interesting mix of rythm and blues
and a harmonizing vocals..."
17,2013-1-4,"Seven Signs","book","Military adventure for fans of ""Sylvester Stallone"" and "Arnold Schwartzenegger"
23,2013-1-9,"Halo Reach","Game","A Prequel to the original and famous Halo series"
1,2015-10-11,"Missing You","Song","An interesting mix of rythm and blues
and a harmonizing vocals..."
17,2013-1-4,"Seven Signs","book","Military adventure for fans of ""Sylvester Stallone"" and "Arnold Schwartzenegger"
23,2013-1-9,"Halo Reach","Game","A Prequel to the original and famous Halo series"
1,2015-10-11,"Missing You","Song","An interesting mix of rythm and blues
and a harmonizing vocals..."
17,2013-1-4,"Seven Signs","book","Military adventure for fans of ""Sylvester Stallone"" and "Arnold Schwartzenegger"
23,2013-1-9,"Halo Reach","Game","A Prequel to the original and famous Halo series"
1,2015-10-11,"Missing You","Song","An interesting mix of rythm and blues
and a harmonizing vocals..."
17,2013-1-4,"Seven Signs","book","Military adventure for fans of ""Sylvester Stallone"" and "Arnold Schwartzenegger"
23,2013-1-9,"Halo Reach","Game","A Prequel to the original and famous Halo series"
1,2015-10-11,"Missing You","Song","An interesting mix of rythm and blues
and a harmonizing vocals..."
17,2013-1-4,"Seven Signs","book","Military adventure for fans of ""Sylvester Stallone"" and "Arnold Schwartzenegger"
23,2013-1-9,"Halo Reach","Game","A Prequel to the original and famous Halo series"
1,2015-10-11,"Missing You","Song","An interesting mix of rythm and blues
and a harmonizing vocals..."
17,2013-1-4,"Seven Signs","book","Military adventure for fans of ""Sylvester Stallone"" and "Arnold Schwartzenegger"
23,2013-1-9,"Halo Reach","Game","A Prequel to the original and famous Halo series"
1,2015-10-11,"Missing You","Song","An interesting mix of rythm and blues
and a harmonizing vocals..."
17,2013-1-4,"Seven Signs","book","Military adventure for fans of ""Sylvester Stallone"" and "Arnold Schwartzenegger"
23,2013-1-9,"Halo Reach","Game","A Prequel to the original and famous Halo series"
1,2015-10-11,"Missing You","Song","An interesting mix of rythm and blues
and a harmonizing vocals..."
17,2013-1-4,"Seven Signs","book","Military adventure for fans of ""Sylvester Stallone"" and "Arnold Schwartzenegger"
23,2013-1-9,"Halo Reach","Game","A Prequel to the original and famous Halo series"
1,2015-10-11,"Missing You","Song","An interesting mix of rythm and blues
and a harmonizing vocals..."
17,2013-1-4,"Seven Signs","book","Military adventure for fans of ""Sylvester Stallone"" and "Arnold Schwartzenegger"
23,2013-1-9,"Halo Reach","Game","A Prequel to the original and famous Halo series"
1,2015-10-11,"Missing You","Song","An interesting mix of rythm and blues
and a harmonizing vocals..."
17,2013-1-4,"Seven Signs","book","Military adventure for fans of ""Sylvester Stallone"" and "Arnold Schwartzenegger"
23,2013-1-9,"Halo Reach","Game","A Prequel to the original and famous Halo series"
1,2015-10-11,"Missing You","Song","An interesting mix of rythm and blues
and a harmonizing vocals..."
17,2013-1-4,"Seven Signs","book","Military adventure for fans of ""Sylvester Stallone"" and "Arnold Schwartzenegger"
23,2013-1-9,"Halo Reach","Game","A Prequel to the original and famous Halo series"
